,LID,doc_link
0,2420,/document/3545
1,2432,/document/3546
2,2452,/document/3547
3,2453,/document/3548
4,2460,/document/3549
5,2463,/document/3550
6,2481,/document/3552
7,2489,/document/3553
8,2576,/document/3555
9,2653,/document/3556
10,2685,/document/3557
11,2697,/document/3558
12,2727,/document/3559
13,2765,/document/3560
14,2771,/document/3561
15,2777,/document/3562
16,2778,/document/3563
17,2791,/document/3565
18,2795,/document/3566
19,2842,/document/3567
20,2884,/document/3568
21,2890,/document/3569
22,2894,/document/3570
23,2901,/document/3572
24,2465,/document/3573
25,2466,/document/3574
26,2467,/document/3575
27,2506,/document/3577
28,2507,/document/3578
29,2509,/document/3580
30,2521,/document/3581
31,2533,/document/3582
32,2538,/document/3583
33,2566,/document/3584
34,2573,/document/3585
35,2773,/document/3587
36,2895,/document/3590
37,2399,/document/3591
38,2216,/document/3593
39,2221,/document/3594
40,2225,/document/3595
41,2230,/document/3596
42,2236,/document/3597
43,2237,/document/3598
44,2243,/document/3599
45,2244,/document/3600
46,2247,/document/3601
47,2255,/document/3602
48,2257,/document/3603
49,2285,/document/3604
50,2286,/document/3605
51,2291,/document/3606
52,2309,/document/3607
53,2329,/document/3608
54,2332,/document/3609
55,2333,/document/3610
56,2334,/document/3611
57,2335,/document/3612
58,2341,/document/3613
59,2350,/document/3614
60,2351,/document/3615
61,2354,/document/3616
62,2352,/document/3617
63,2353,/document/3618
64,2342,/document/3619
65,2345,/document/3620
66,2349,/document/3621
67,2363,/document/3622
68,2370,/document/3623
69,2376,/document/3624
70,2415,/document/3625
71,2416,/document/3626
72,2422,/document/3627
73,2896,/document/3628
74,2897,/document/3629
75,2898,/document/3630
76,2440,/document/3631
77,2441,/document/3632
78,2442,/document/3633
79,2439,/document/3634
80,2446,/document/3635
81,2445,/document/3636
82,2449,/document/3637
83,2450,/document/3638
84,2469,/document/3639
85,2471,/document/3640
86,2474,/document/3641
87,2503,/document/3642
88,2541,/document/3643
89,2542,/document/3645
90,2543,/document/3646
91,2552,/document/3647
92,2545,/document/3648
93,2546,/document/3649
94,2553,/document/3650
95,2555,/document/3651
96,2559,/document/3652
97,2560,/document/3653
98,2564,/document/3654
99,2567,/document/3655
100,2568,/document/3656
101,2574,/document/3658
102,2575,/document/3659
103,2587,/document/3660
104,2599,/document/3664
105,2644,/document/3665
106,2612,/document/3666
107,2623,/document/3668
108,2627,/document/3669
109,2629,/document/3670
110,2636,/document/3671
111,2633,/document/3673
112,2634,/document/3674
113,2635,/document/3675
114,2639,/document/3676
115,2652,/document/3677
116,2657,/document/3678
117,2662,/document/3679
118,2688,/document/3682
119,2695,/document/3683
120,2696,/document/3684
121,2698,/document/3685
122,2701,/document/3686
123,2703,/document/3687
124,2707,/document/3688
125,2713,/document/3689
126,2736,/document/3692
127,2721,/document/3693
128,2724,/document/3694
129,2729,/document/3695
130,2730,/document/3696
131,2731,/document/3697
132,2733,/document/3698
133,2734,/document/3699
134,2738,/document/3700
135,2740,/document/3702
136,2741,/document/3703
137,2743,/document/3706
138,2745,/document/3707
139,2746,/document/3708
140,2770,/document/3711
141,2785,/document/3712
142,2817,/document/3713
143,2841,/document/3714
144,2854,/document/3715
145,2873,/document/3716
146,2881,/document/3717
147,2214,/document/3719
148,2217,/document/3720
149,2219,/document/3721
150,2220,/document/3722
151,2222,/document/3723
152,2258,/document/3724
153,2314,/document/3726
154,2263,/document/3727
155,2265,/document/3728
156,2271,/document/3729
157,2272,/document/3730
158,2280,/document/3731
159,2281,/document/3732
160,2282,/document/3733
161,2283,/document/3734
162,2284,/document/3735
163,2326,/document/3736
164,2343,/document/3737
165,2364,/document/3739
166,2366,/document/3740
167,2368,/document/3741
168,2380,/document/3742
169,2402,/document/3743
170,2404,/document/3744
171,2406,/document/3745
172,2407,/document/3746
173,2425,/document/3747
174,2426,/document/3748
175,2438,/document/3749
176,2476,/document/3750
177,2478,/document/3751
178,2492,/document/3752
179,2513,/document/3754
180,2515,/document/3755
181,2520,/document/3756
182,2522,/document/3757
183,2524,/document/3758
184,2525,/document/3759
185,2535,/document/3760
186,2539,/document/3761
187,2550,/document/3762
188,2544,/document/3763
189,2563,/document/3764
190,2585,/document/3765
191,2595,/document/3766
192,2600,/document/3767
193,2601,/document/3768
194,2602,/document/3769
195,2605,/document/3770
196,2606,/document/3771
197,2643,/document/3772
198,2614,/document/3773
199,2625,/document/3774
200,2674,/document/3775
201,2677,/document/3778
202,2718,/document/3780
203,2720,/document/3781
204,2722,/document/3782
205,2756,/document/3783
206,2763,/document/3784
207,2767,/document/3785
208,2772,/document/3786
209,2816,/document/3787
210,2815,/document/3789
211,2818,/document/3790
212,2829,/document/3791
213,2311,/document/3793
214,2250,/document/3794
215,2254,/document/3795
216,2312,/document/3796
217,2313,/document/3797
218,2259,/document/3798
219,2267,/document/3799
220,2278,/document/3800
221,2294,/document/3801
222,2295,/document/3802
223,2296,/document/3803
224,2387,/document/3813
225,2389,/document/3815
226,2390,/document/3816
227,2396,/document/3817
228,2421,/document/3818
229,2419,/document/3819
230,2424,/document/3820
231,2454,/document/3821
232,2475,/document/3822
233,2485,/document/3823
234,2495,/document/3824
235,2512,/document/3825
236,2514,/document/3826
237,2516,/document/3827
238,2519,/document/3828
239,2523,/document/3829
240,2526,/document/3830
241,2527,/document/3831
242,2530,/document/3832
243,2531,/document/3833
244,2584,/document/3834
245,2642,/document/3835
246,2594,/document/3836
247,2613,/document/3837
248,2619,/document/3838
249,2626,/document/3839
250,2640,/document/3840
251,2646,/document/3841
252,2647,/document/3842
253,2649,/document/3844
254,2650,/document/3845
255,2651,/document/3846
256,2682,/document/3848
257,2716,/document/3849
258,2717,/document/3850
259,2689,/document/3851
260,2728,/document/3852
261,2806,/document/3853
262,2807,/document/3854
263,2759,/document/3855
264,2768,/document/3856
265,2782,/document/3857
266,2803,/document/3858
267,2797,/document/3859
268,2804,/document/3860
269,2798,/document/3861
270,2805,/document/3862
271,2799,/document/3863
272,2801,/document/3865
273,2802,/document/3866
274,2847,/document/3867
275,2831,/document/3868
276,2899,/document/3869
277,2850,/document/3870
278,2864,/document/3871
279,2867,/document/3872
280,2889,/document/3873
281,2893,/document/3874
282,2218,/document/3876
283,2224,/document/3877
284,2232,/document/3878
285,2233,/document/3879
286,2234,/document/3880
287,2238,/document/3881
288,2239,/document/3882
289,2245,/document/3883
290,2246,/document/3884
291,2273,/document/3886
292,2279,/document/3887
293,2317,/document/3888
294,2319,/document/3889
295,2320,/document/3890
296,2327,/document/3892
297,2328,/document/3893
298,2330,/document/3894
299,2331,/document/3895
300,2346,/document/3896
301,2347,/document/3897
302,2360,/document/3899
303,2359,/document/3900
304,2361,/document/3901
305,2362,/document/3902
306,2374,/document/3903
307,2427,/document/3904
308,2430,/document/3905
309,2431,/document/3906
310,2433,/document/3907
311,2434,/document/3908
312,2436,/document/3909
313,2437,/document/3910
314,2443,/document/3911
315,2444,/document/3912
316,2456,/document/3913
317,2459,/document/3914
318,2496,/document/3915
319,2497,/document/3916
320,2551,/document/3918
321,2554,/document/3919
322,2557,/document/3920
323,2558,/document/3921
324,2561,/document/3922
325,2570,/document/3923
326,2589,/document/3924
327,2591,/document/3925
328,2624,/document/3926
329,2628,/document/3927
330,2630,/document/3928
331,2631,/document/3929
332,2655,/document/3930
333,2659,/document/3931
334,2691,/document/3932
335,2693,/document/3933
336,2694,/document/3934
337,2700,/document/3935
338,2704,/document/3937
339,2711,/document/3938
340,2723,/document/3939
341,2732,/document/3940
342,2747,/document/3941
343,2749,/document/3942
344,2754,/document/3943
345,2755,/document/3944
346,2758,/document/3945
347,2762,/document/3946
348,2764,/document/3947
349,2779,/document/3948
350,2781,/document/3949
351,2827,/document/3950
352,2830,/document/3951
353,2832,/document/3952
354,2833,/document/3953
355,2835,/document/3954
356,2836,/document/3955
357,2849,/document/3956
358,2851,/document/3957
359,2853,/document/3958
360,2855,/document/3959
361,2862,/document/3960
362,2863,/document/3961
363,2866,/document/3962
364,2868,/document/3963
365,2874,/document/3964
366,2876,/document/3965
367,2882,/document/3966
368,2435,/document/3968
369,2447,/document/3969
370,2477,/document/3970
371,2518,/document/3971
372,2528,/document/3972
373,2529,/document/3973
374,2537,/document/3974
375,2540,/document/3975
376,2687,/document/3977
377,2710,/document/3978
378,2714,/document/3980
379,2872,/document/3981
380,2223,/document/3984
381,2228,/document/3985
382,2500,/document/3990
383,2511,/document/3991
384,2517,/document/3992
385,2556,/document/3993
386,2692,/document/3994
387,2820,/document/3995
388,2838,/document/3996
389,2879,/document/3997
390,2308,/document/3999
391,2455,/document/4000
392,2766,/document/4001
393,2428,/document/4003
394,2582,/document/4004
395,2603,/document/4005
396,2607,/document/4006
397,2616,/document/4007
398,2784,/document/4008
399,2861,/document/4009
400,2231,/document/4011
401,2235,/document/4012
402,2289,/document/4013
403,2292,/document/4014
404,2834,/document/4015
405,2392,/document/4016
406,2393,/document/4017
407,2470,/document/4018
408,2569,/document/4019
409,2578,/document/4020
410,2604,/document/4022
411,2608,/document/4023
412,2708,/document/4024
413,2891,/document/4025
414,2261,/document/4027
415,2290,/document/4028
416,2215,/document/4030
417,2226,/document/4031
418,2227,/document/4032
419,2229,/document/4033
420,2248,/document/4034
421,2249,/document/4035
422,2251,/document/4036
423,2252,/document/4037
424,2253,/document/4038
425,2260,/document/4041
426,2264,/document/4042
427,2266,/document/4043
428,2268,/document/4044
429,2269,/document/4045
430,2270,/document/4046
431,2275,/document/4047
432,2277,/document/4049
433,2287,/document/4050
434,2293,/document/4051
435,2306,/document/4052
436,2307,/document/4053
437,2318,/document/4054
438,2395,/document/4055
439,2322,/document/4056
440,2323,/document/4057
441,2324,/document/4058
442,2325,/document/4059
443,2337,/document/4060
444,2336,/document/4061
445,2339,/document/4062
446,2338,/document/4063
447,2340,/document/4064
448,2344,/document/4065
449,2348,/document/4066
450,2355,/document/4067
451,2357,/document/4068
452,2365,/document/4069
453,2369,/document/4071
454,2373,/document/4073
455,2378,/document/4074
456,2375,/document/4075
457,2377,/document/4076
458,2379,/document/4078
459,2381,/document/4079
460,2382,/document/4080
461,2383,/document/4081
462,2384,/document/4082
463,2385,/document/4083
464,2391,/document/4084
465,2394,/document/4085
466,2398,/document/4086
467,2409,/document/4087
468,2410,/document/4088
469,2412,/document/4089
470,2413,/document/4090
471,2414,/document/4091
472,2418,/document/4092
473,2423,/document/4093
474,2451,/document/4094
475,2457,/document/4095
476,2461,/document/4097
477,2462,/document/4098
478,2468,/document/4099
479,2472,/document/4101
480,2479,/document/4102
481,2483,/document/4103
482,2484,/document/4104
483,2486,/document/4105
484,2487,/document/4106
485,2488,/document/4107
486,2510,/document/4109
487,2548,/document/4110
488,2549,/document/4111
489,2572,/document/4112
490,2577,/document/4113
491,2579,/document/4114
492,2580,/document/4115
493,2581,/document/4116
494,2590,/document/4118
495,2645,/document/4119
496,2609,/document/4120
497,2610,/document/4121
498,2615,/document/4122
499,2621,/document/4124
500,2622,/document/4125
501,2638,/document/4126
502,2641,/document/4127
503,2654,/document/4128
504,2656,/document/4129
505,2664,/document/4130
506,2665,/document/4131
507,2668,/document/4134
508,2669,/document/4135
509,2671,/document/4137
510,2672,/document/4138
511,2679,/document/4140
512,2680,/document/4141
513,2686,/document/4142
514,2699,/document/4143
515,2705,/document/4144
516,2735,/document/4145
517,2726,/document/4146
518,2809,/document/4147
519,2902,/document/4148
520,2751,/document/4149
521,2753,/document/4150
522,2757,/document/4151
523,2760,/document/4152
524,2774,/document/4154
525,2904,/document/4156
526,2783,/document/4157
527,2786,/document/4158
528,2787,/document/4159
529,2788,/document/4160
530,2792,/document/4162
531,2793,/document/4163
532,2905,/document/4164
533,2794,/document/4165
534,2845,/document/4166
535,2846,/document/4167
536,2811,/document/4168
537,2848,/document/4169
538,2812,/document/4170
539,2813,/document/4171
540,2906,/document/4173
541,2823,/document/4176
542,2825,/document/4178
543,2828,/document/4179
544,2837,/document/4180
545,2839,/document/4181
546,2840,/document/4182
547,2843,/document/4183
548,2844,/document/4184
549,2852,/document/4185
550,2856,/document/4186
551,2857,/document/4187
552,2859,/document/4189
553,2865,/document/4190
554,2869,/document/4191
555,2870,/document/4192
556,2871,/document/4193
557,2875,/document/4194
558,2878,/document/4196
559,2880,/document/4197
560,2883,/document/4198
561,2886,/document/4199
562,2888,/document/4200
563,2776,/document/4202
564,2274,/document/4204
565,2288,/document/4205
566,2310,/document/4206
567,2400,/document/4208
568,2480,/document/4211
569,2482,/document/4212
570,2502,/document/4218
571,2583,/document/4221
572,2571,/document/4222
573,2593,/document/4223
574,2611,/document/4224
575,2637,/document/4225
576,2658,/document/4226
577,2660,/document/4227
578,2661,/document/4228
579,2681,/document/4229
580,2690,/document/4230
581,2706,/document/4231
582,2725,/document/4232
583,2796,/document/4234
584,2900,/document/4235
585,2885,/document/4237
586,2907,/document/4238
587,2892,/document/4240
588,2401,/document/4242
589,2403,/document/4243
590,2405,/document/4244
591,2408,/document/4245
592,2429,/document/4246
593,2448,/document/4247
594,2532,/document/4248
595,2562,/document/4249
596,2592,/document/4250
597,2618,/document/4251
598,2744,/document/4252
599,2748,/document/4253
600,2752,/document/4254
601,2826,/document/4255
602,2887,/document/4256
